{
    "layers": [
      {
        "number": 1,
        "layers": [
          {
            "startDate": "2022-10-01 08:00",
            "endDate": "2022-10-01 18:30",
            "userId": 24
          },
          {
            "startDate": "2022-10-02 08:00",
            "endDate": "2022-10-02 18:30",
            "userId": 23
          },
          {
            "startDate": "2022-10-03 08:00",
            "endDate": "2022-10-03 18:30",
            "userId": 24
          },
          {
            "startDate": "2022-10-04 08:00",
            "endDate": "2022-10-04 18:30",
            "userId": 23
          },
          {
            "startDate": "2022-10-05 08:00",
            "endDate": "2022-10-05 18:30",
            "userId": 24
          },
          {
            "startDate": "2022-10-06 08:00",
            "endDate": "2022-10-06 18:30",
            "userId": 23
          },
          {
            "startDate": "2022-10-07 08:00",
            "endDate": "2022-10-07 18:30",
            "userId": 24
          },
          {
            "startDate": "2022-10-08 08:00",
            "endDate": "2022-10-08 18:30",
            "userId": 23
          },
          {
            "startDate": "2022-10-09 08:00",
            "endDate": "2022-10-09 18:30",
            "userId": 24
          },
          {
            "startDate": "2022-10-10 08:00",
            "endDate": "2022-10-10 18:30",
            "userId": 23
          },
          {
            "startDate": "2022-10-11 08:00",
            "endDate": "2022-10-11 18:30",
            "userId": 24
          },
          {
            "startDate": "2022-10-12 08:00",
            "endDate": "2022-10-12 18:30",
            "userId": 23
          },
          {
            "startDate": "2022-10-13 08:00",
            "endDate": "2022-10-13 18:30",
            "userId": 24
          },
          {
            "startDate": "2022-10-14 08:00",
            "endDate": "2022-10-14 18:30",
            "userId": 23
          },
          {
            "startDate": "2022-10-15 08:00",
            "endDate": "2022-10-15 18:30",
            "userId": 24
          },
          {
            "startDate": "2022-10-16 08:00",
            "endDate": "2022-10-16 18:30",
            "userId": 23
          },
          {
            "startDate": "2022-10-17 08:00",
            "endDate": "2022-10-17 18:30",
            "userId": 24
          },
          {
            "startDate": "2022-10-18 08:00",
            "endDate": "2022-10-18 18:30",
            "userId": 23
          },
          {
            "startDate": "2022-10-19 08:00",
            "endDate": "2022-10-19 18:30",
            "userId": 24
          },
          {
            "startDate": "2022-10-20 08:00",
            "endDate": "2022-10-20 18:30",
            "userId": 23
          },
          {
            "startDate": "2022-10-21 08:00",
            "endDate": "2022-10-21 18:30",
            "userId": 24
          },
          {
            "startDate": "2022-10-22 08:00",
            "endDate": "2022-10-22 18:30",
            "userId": 23
          },
          {
            "startDate": "2022-10-23 08:00",
            "endDate": "2022-10-23 18:30",
            "userId": 24
          },
          {
            "startDate": "2022-10-24 08:00",
            "endDate": "2022-10-24 18:30",
            "userId": 23
          },
          {
            "startDate": "2022-10-25 08:00",
            "endDate": "2022-10-25 18:30",
            "userId": 24
          },
          {
            "startDate": "2022-10-26 08:00",
            "endDate": "2022-10-26 18:30",
            "userId": 23
          },
          {
            "startDate": "2022-10-27 08:00",
            "endDate": "2022-10-27 18:30",
            "userId": 24
          },
          {
            "startDate": "2022-10-28 08:00",
            "endDate": "2022-10-28 18:30",
            "userId": 23
          },
          {
            "startDate": "2022-10-29 08:00",
            "endDate": "2022-10-29 18:30",
            "userId": 24
          },
          {
            "startDate": "2022-10-30 08:00",
            "endDate": "2022-10-30 18:30",
            "userId": 23
          },
          {
            "startDate": "2022-10-31 08:00",
            "endDate": "2022-10-31 18:30",
            "userId": 24
          }
        ]
      },
      {
        "number": 2,
        "layers": [
          {
            "startDate": "2022-10-09 00:00",
            "endDate": "2022-10-09 19:07",
            "userId": 27
          },
          {
            "startDate": "2022-10-09 19:07",
            "endDate": "2022-10-10 00:00",
            "userId": 27
          },
          {
            "startDate": "2022-10-10 00:00",
            "endDate": "2022-10-10 19:07",
            "userId": 27
          },
          {
            "startDate": "2022-10-10 19:07",
            "endDate": "2022-10-11 00:00",
            "userId": 27
          },
          {
            "startDate": "2022-10-11 00:00",
            "endDate": "2022-10-11 19:07",
            "userId": 27
          },
          {
            "startDate": "2022-10-11 19:07",
            "endDate": "2022-10-12 00:00",
            "userId": 27
          },
          {
            "startDate": "2022-10-16 00:00",
            "endDate": "2022-10-16 19:07",
            "userId": 27
          },
          {
            "startDate": "2022-10-16 19:07",
            "endDate": "2022-10-17 00:00",
            "userId": 27
          },
          {
            "startDate": "2022-10-17 00:00",
            "endDate": "2022-10-17 19:07",
            "userId": 27
          },
          {
            "startDate": "2022-10-17 19:07",
            "endDate": "2022-10-18 00:00",
            "userId": 27
          },
          {
            "startDate": "2022-10-18 00:00",
            "endDate": "2022-10-18 19:07",
            "userId": 27
          },
          {
            "startDate": "2022-10-18 19:07",
            "endDate": "2022-10-19 00:00",
            "userId": 27
          },
          {
            "startDate": "2022-10-23 00:00",
            "endDate": "2022-10-23 19:07",
            "userId": 27
          },
          {
            "startDate": "2022-10-23 19:07",
            "endDate": "2022-10-24 00:00",
            "userId": 27
          },
          {
            "startDate": "2022-10-24 00:00",
            "endDate": "2022-10-24 19:07",
            "userId": 27
          },
          {
            "startDate": "2022-10-24 19:07",
            "endDate": "2022-10-25 00:00",
            "userId": 27
          },
          {
            "startDate": "2022-10-25 00:00",
            "endDate": "2022-10-25 19:07",
            "userId": 27
          },
          {
            "startDate": "2022-10-25 19:07",
            "endDate": "2022-10-26 00:00",
            "userId": 27
          },
          {
            "startDate": "2022-10-30 00:00",
            "endDate": "2022-10-30 19:07",
            "userId": 27
          },
          {
            "startDate": "2022-10-30 19:07",
            "endDate": "2022-10-31 00:00",
            "userId": 27
          },
          {
            "startDate": "2022-10-31 00:00",
            "endDate": "2022-10-31 19:07",
            "userId": 27
          },
          {
            "startDate": "2022-10-31 19:07",
            "endDate": "2022-10-31 23:59",
            "userId": 27
          }
        ]
      }
    ],
    "overrideLayer": [],
    "finalSchedule": [
      {
        "startDate": "2022-10-01 08:00",
        "endDate": "2022-10-01 18:30",
        "userId": 24
      },
      {
        "startDate": "2022-10-02 08:00",
        "endDate": "2022-10-02 18:30",
        "userId": 23
      },
      {
        "startDate": "2022-10-03 08:00",
        "endDate": "2022-10-03 18:30",
        "userId": 24
      },
      {
        "startDate": "2022-10-04 08:00",
        "endDate": "2022-10-04 18:30",
        "userId": 23
      },
      {
        "startDate": "2022-10-05 08:00",
        "endDate": "2022-10-05 18:30",
        "userId": 24
      },
      {
        "startDate": "2022-10-06 08:00",
        "endDate": "2022-10-06 18:30",
        "userId": 23
      },
      {
        "startDate": "2022-10-07 08:00",
        "endDate": "2022-10-07 18:30",
        "userId": 24
      },
      {
        "startDate": "2022-10-08 08:00",
        "endDate": "2022-10-08 18:30",
        "userId": 23
      },
      {
        "startDate": "2022-10-09 00:00",
        "endDate": "2022-10-09 19:07",
        "userId": 27
      },
      {
        "startDate": "2022-10-09 19:07",
        "endDate": "2022-10-10 00:00",
        "userId": 27
      },
      {
        "startDate": "2022-10-10 00:00",
        "endDate": "2022-10-10 19:07",
        "userId": 27
      },
      {
        "startDate": "2022-10-10 19:07",
        "endDate": "2022-10-11 00:00",
        "userId": 27
      },
      {
        "startDate": "2022-10-11 00:00",
        "endDate": "2022-10-11 19:07",
        "userId": 27
      },
      {
        "startDate": "2022-10-11 19:07",
        "endDate": "2022-10-12 00:00",
        "userId": 27
      },
      {
        "startDate": "2022-10-12 08:00",
        "endDate": "2022-10-12 18:30",
        "userId": 23
      },
      {
        "startDate": "2022-10-13 08:00",
        "endDate": "2022-10-13 18:30",
        "userId": 24
      },
      {
        "startDate": "2022-10-14 08:00",
        "endDate": "2022-10-14 18:30",
        "userId": 23
      },
      {
        "startDate": "2022-10-15 08:00",
        "endDate": "2022-10-15 18:30",
        "userId": 24
      },
      {
        "startDate": "2022-10-16 00:00",
        "endDate": "2022-10-16 19:07",
        "userId": 27
      },
      {
        "startDate": "2022-10-16 19:07",
        "endDate": "2022-10-17 00:00",
        "userId": 27
      },
      {
        "startDate": "2022-10-17 00:00",
        "endDate": "2022-10-17 19:07",
        "userId": 27
      },
      {
        "startDate": "2022-10-17 19:07",
        "endDate": "2022-10-18 00:00",
        "userId": 27
      },
      {
        "startDate": "2022-10-18 00:00",
        "endDate": "2022-10-18 19:07",
        "userId": 27
      },
      {
        "startDate": "2022-10-18 19:07",
        "endDate": "2022-10-19 00:00",
        "userId": 27
      },
      {
        "startDate": "2022-10-19 08:00",
        "endDate": "2022-10-19 18:30",
        "userId": 24
      },
      {
        "startDate": "2022-10-20 08:00",
        "endDate": "2022-10-20 18:30",
        "userId": 23
      },
      {
        "startDate": "2022-10-21 08:00",
        "endDate": "2022-10-21 18:30",
        "userId": 24
      },
      {
        "startDate": "2022-10-22 08:00",
        "endDate": "2022-10-22 18:30",
        "userId": 23
      },
      {
        "startDate": "2022-10-23 00:00",
        "endDate": "2022-10-23 19:07",
        "userId": 27
      },
      {
        "startDate": "2022-10-23 19:07",
        "endDate": "2022-10-24 00:00",
        "userId": 27
      },
      {
        "startDate": "2022-10-24 00:00",
        "endDate": "2022-10-24 19:07",
        "userId": 27
      },
      {
        "startDate": "2022-10-24 19:07",
        "endDate": "2022-10-25 00:00",
        "userId": 27
      },
      {
        "startDate": "2022-10-25 00:00",
        "endDate": "2022-10-25 19:07",
        "userId": 27
      },
      {
        "startDate": "2022-10-25 19:07",
        "endDate": "2022-10-26 00:00",
        "userId": 27
      },
      {
        "startDate": "2022-10-26 08:00",
        "endDate": "2022-10-26 18:30",
        "userId": 23
      },
      {
        "startDate": "2022-10-27 08:00",
        "endDate": "2022-10-27 18:30",
        "userId": 24
      },
      {
        "startDate": "2022-10-28 08:00",
        "endDate": "2022-10-28 18:30",
        "userId": 23
      },
      {
        "startDate": "2022-10-29 08:00",
        "endDate": "2022-10-29 18:30",
        "userId": 24
      },
      {
        "startDate": "2022-10-30 00:00",
        "endDate": "2022-10-30 19:07",
        "userId": 27
      },
      {
        "startDate": "2022-10-30 19:07",
        "endDate": "2022-10-31 00:00",
        "userId": 27
      },
      {
        "startDate": "2022-10-31 00:00",
        "endDate": "2022-10-31 19:07",
        "userId": 27
      },
      {
        "startDate": "2022-10-31 19:07",
        "endDate": "2022-10-31 23:59",
        "userId": 27
      }
    ]
  }